place,title,working_hours,remuneration,last_update
서울 서대문,"에잇세컨즈 현대신촌점 12월 아르바이트 채용 [시급10,470원]",13:00~22:00,"시급10,470",4시간전
경남 창원시,[경력/주5일/창원] 에잇세컨즈 롯데창원8s 경력 선임 FA,13:00~22:00,"연봉26,500,000",4시간전
광주 북구,[경력/주5일/포항] 에잇세컨즈 그랜드에비뉴포항 경력 선임 FA,13:00~22:00,"연봉26,500,000",4시간전
울산 남구,[경력/주5일/울산] 에잇세컨즈 현대울산 경력 선임 FA,13:00~22:00,"연봉26,500,000",4시간전
경기 포천시,[경력/주5일/울산] 에잇세컨즈 울산업스퀘어 경력 선임 FA,13:00~22:00,"연봉26,500,000",4시간전
부산 사상구,[경력/주5일/부산] 에잇세컨즈 홈플러스아시아드8S 경력 매니저,13:00~22:00,"연봉29,000,000",4시간전
부산 사상구,[경력/주5일/부산] 에잇세컨즈 애플사상8S아울렛 경력 매니저,13:00~22:00,"연봉29,000,000",4시간전
부산 부산진,[경력/주5일/부산] 에잇세컨즈 부산삼정타워8S 경력 매니저,13:00~22:00,"연봉29,000,000",4시간전
부산 중구,[경력/주5일/부산] 에잇세컨즈 부산광복8S 경력 매니저,13:00~22:00,"연봉29,000,000",4시간전
경남 창원시,[경력/주5일/창원] 에잇세컨즈 롯데창원8S 경력 매니저,13:00~22:00,"연봉29,000,000",4시간전
부산 부산진,[경력/주5일/부산] 에잇세컨즈 롯데부산8S 경력 매니저,13:00~22:00,"연봉29,000,000",4시간전
부산 기장군,[경력/주5일/부산] 에잇세컨즈 롯데동부산8S아울렛 경력 매니저,13:00~22:00,"연봉29,000,000",4시간전
경북 포항시,[경력/주5일/포항] 에잇세컨즈 그랜드에비뉴포항8S 경력 매니저,13:00~22:00,"연봉29,000,000",4시간전
울산 남구,[경력/주5일/울산] 에잇세컨즈 현대울산8S 경력 매니저,13:00~22:00,"연봉29,000,000",4시간전
울산 남구,[경력/주5일/울산] 에잇세컨즈 울산업스퀘어8S 경력 매니저,13:00~22:00,"연봉29,000,000",4시간전
서울 양천구,"[12월/단기] 에잇세컨즈 현대목동 단기알바 채용 (10,470원)",13:00~22:00,"시급10,470",5시간전
서울 양천구,"[주말알바] 에잇세컨즈 현대목동 주말알바 채용 (시급 10,470원)",13:00~22:00,"시급10,470",5시간전
경기 하남시,[신입/주5일/하남] 에잇세컨즈 스타필드하남 FA 채용,13:00~22:00,"연봉25,130,000",6시간전
서울 송파구,[신입가능/주5일근무/서울] 에잇세컨즈 현대시티몰가든파이브 FA 채용,13:00~22:00,"연봉25,130,000",6시간전
부산 사상구,[신입가능/주5일근무/부산] 에잇세컨즈 애플사상아울렛 FA 채용,13:00~22:00,"연봉25,130,000",6시간전
부산 부산진,[신입가능/주5일근무/부산] 에잇세컨즈 부산삼정타워 FA 채용,13:00~22:00,"연봉25,130,000",6시간전
서울 용산구,[신입가능/주5일근무/서울] 에잇세컨즈 현대아이파크 FA 채용,13:00~22:00,"연봉25,130,000",6시간전
전북 전주시,[신입가능/주5일근무/전주] 에잇세컨즈 전주고사 FA 채용,13:00~22:00,"연봉25,130,000",6시간전
경기 하남시,[신입/주5일/경기] 에잇세컨즈 스타필드위례 FA채용,13:00~22:00,"연봉25,130,000",6시간전
경기 이천시,[신입/주5일/경기] 에잇세컨즈 롯데이천아울렛 FA채용,13:00~22:00,"연봉25,130,000",6시간전
부산 기장군,[신입/주5일/부산] 에잇세컨즈 롯데동부산8S아울렛 FA채용,13:00~22:00,"연봉25,130,000",6시간전
서울 광진구,[신입/주5일/서울] 에잇세컨즈 건대스타시티 FA채용,13:00~22:00,"연봉25,130,000",6시간전
경기 의정부,[신입/주5일/의정부] 에잇세컨즈 의정부홈플러스 FA채용,13:00~22:00,"연봉25,130,000",6시간전
경기 고양시,[신입가능/주5일근무/경기] 에잇세컨즈 일산원마운트 FA채용,13:00~22:00,"연봉25,130,000",6시간전
경기 용인시,[신입가능/주5일근무/경기] 에잇세컨즈 용인에버랜드 FA채용,13:00~22:00,"연봉25,130,000",6시간전
경기 파주시,[신입가능/주5일근무/경기] 에잇세컨즈 신세계파주아울렛 FA채용,13:00~22:00,"연봉25,130,000",6시간전
서울 은평구,[신입가능/주5일근무/서울] 에잇세컨즈 롯데몰은평 FA채용,13:00~22:00,"연봉25,130,000",6시간전
경북 포항시,[신입가능/주5일근무/포항] 에잇세컨즈 그랜드에비뉴포항 FA채용,13:00~22:00,"연봉25,130,000",7시간전
서울 강남구,[신입가능/주5일/서울] 에잇세컨즈 가로수길8S FA,13:00~22:00,"연봉25,130,000",7시간전
경기 시흥시,[신입가능/주5일/시흥] 에잇세컨즈 신세계시흥8S아울렛 FA,13:00~22:00,"연봉25,130,000",7시간전
인천 연수구,[신입가능/주5일근무/인천] 에잇세컨즈 스퀘어원 FA채용,13:00~22:00,"연봉25,130,000",7시간전
경기 의왕시,[신입가능/주5일/의왕] 에잇세컨즈 롯데의왕8S아울렛 FA,13:00~22:00,"연봉25,130,000",7시간전
대전 동구,[신입가능/주5일/대전] 에잇세컨즈 대전터미널 FA,13:00~22:00,"연봉25,130,000",7시간전
서울 양천구,"[주말알바] 에잇세컨즈 현대목동 주말알바 채용 (시급 10,470원)",13:00~22:00,"시급10,470",7시간전
서울 송파구,"[주5일/1개월/시급10,470원] 에잇세컨즈 현대시티아울렛 가든파이브점",11:30~20:30,"시급10,470",7시간전
경기 하남시,에잇세컨즈 스타필드하남8S 아르바이트 채용,시간협의,"시급10,470",12/11
서울 송파구,에잇세컨즈 현대시티몰가든파이브8S 아르바이트 채용,13:00~22:00,"시급10,470",12/11
서울 중구,에잇세컨즈 명동8S 아르바이트 채용,시간협의,"시급10,470",12/07
서울 중구,"[시급 10,470원]에잇세컨즈 명동본점 온라인배송 주5일 아르바이트 모집",09:00~18:00,"시급10,470",12/07
서울 송파구,에잇세컨즈 롯데월드몰8S 아르바이트 채용,13:00~22:00,"시급10,470",12/06
경기 의왕시,에잇세컨즈 롯데의왕8S아울렛 아르바이트 채용,시간협의,"시급10,470",12/04
서울 서대문,에잇세컨즈 현대신촌8S 아르바이트 채용,시간협의,"시급10,470",12/04
경기 시흥시,에잇세컨즈 신세계시흥8S아울렛 아르바이트 채용,시간협의,"시급10,470",12/04
울산 남구,[에잇세컨즈/주5일/신입ok] 울산업스퀘어점 정규직,시간협의,"연봉25,130,000",12/04
경기 성남시,에잇세컨즈 현대판교8S 아르바이트 채용,13:00~22:00,"시급10,470",12/03
경기 시흥시,에잇세컨즈 신세계시흥8S아울렛 아르바이트 채용,13:00~22:00,"시급10,470",12/03
서울 금천구,에잇세컨즈 현대가산점 아르바이트 채용,13:00~22:00,"시급10,470",12/03
서울 서대문,"에잇세컨즈 현대신촌점 12월 아르바이트 채용 [시급10,470원]",13:00~22:00,"시급10,470",12/01
서울 금천구,"[시급10,470원/현대가산아울렛] 에잇세컨즈 12월 주말PT 모집",12:30~21:30,"시급10,470",12/01
경기 의왕시,에잇세컨즈 타임빌라스점 아르바이트 채용,13:00~22:00,"시급10,470",11/28
서울 광진구,에잇세컨즈 건대스타시티8S 아르바이트 채용,시간협의,"시급10,470",11/27
